n,algorithm,trials,median_setup_ms,median_lookup_ns,lookup_q1_ns,lookup_q3_ns,median_total_batch_ms,lookup_speedup_vs_linear,estimated_break_even_queries,mean_key_comparisons_per_query
1000,linear,9,0.0,215.625,191.211,222.07,0.1104,1.0,,758.41
1000,binary,9,0.027,48.242,38.867,49.023,0.049,4.47,162,18.539
1000,hash,9,0.0265,8.984,6.641,10.547,0.031,24.0,129,
10000,linear,9,0.0,1789.258,1741.016,2021.484,0.9161,1.0,,7405.311
10000,binary,9,0.3775,55.664,54.102,62.5,0.4053,32.144,218,25.301
10000,hash,9,0.2957,11.133,10.547,11.719,0.3016,160.719,167,
50000,linear,9,0.0,8881.445,8666.992,10202.93,4.5473,1.0,,37578.629
50000,binary,9,2.2125,66.602,66.406,70.898,2.2516,133.352,251,29.941
50000,hash,9,1.5195,11.133,10.547,11.328,1.5252,797.772,172,
