n,queries,trial,algorithm,setup_ns,query_ns,hits,key_comparisons
1000,512,1,linear,0,131800,256,388306
1000,512,1,binary,33700,27500,256,9492
1000,512,1,hash,32100,6500,256,
1000,512,2,linear,0,121400,256,388306
1000,512,2,binary,31200,25600,256,9492
1000,512,2,hash,28800,5400,256,
1000,512,3,hash,26500,4600,256,
1000,512,3,linear,0,113700,256,388306
1000,512,3,binary,27800,25000,256,9492
1000,512,4,binary,27000,22000,256,9492
1000,512,4,hash,27000,4000,256,
1000,512,4,linear,0,104900,256,388306
1000,512,5,hash,24300,3300,256,
1000,512,5,binary,23600,19900,256,9492
1000,512,5,linear,0,97300,256,388306
1000,512,6,linear,0,97900,256,388306
1000,512,6,binary,21400,18800,256,9492
1000,512,6,hash,22400,3400,256,
1000,512,7,binary,20200,18300,256,9492
1000,512,7,hash,22000,3200,256,
1000,512,7,linear,0,92300,256,388306
1000,512,8,linear,0,110700,256,388306
1000,512,8,binary,19400,25100,256,9492
1000,512,8,hash,22800,6000,256,
1000,512,9,linear,0,110400,256,388306
1000,512,9,hash,28000,5300,256,
1000,512,9,binary,35100,24700,256,9492
10000,512,1,linear,0,1035000,256,3791519
10000,512,1,hash,295700,5900,256,
10000,512,1,binary,372200,28800,256,12954
10000,512,2,linear,0,891400,256,3791519
10000,512,2,binary,377500,27800,256,12954
10000,512,2,hash,305300,5400,256,
10000,512,3,hash,290000,5700,256,
10000,512,3,linear,0,879600,256,3791519
10000,512,3,binary,368700,28500,256,12954
10000,512,4,linear,0,868000,256,3791519
10000,512,4,hash,286700,5700,256,
10000,512,4,binary,368300,27700,256,12954
10000,512,5,binary,366100,26000,256,12954
10000,512,5,linear,0,895200,256,3791519
10000,512,5,hash,289500,5200,256,
10000,512,6,binary,464800,71500,256,12954
10000,512,6,linear,0,1752400,256,3791519
10000,512,6,hash,855700,10200,256,
10000,512,7,linear,0,1081200,256,3791519
10000,512,7,hash,468400,6000,256,
10000,512,7,binary,681800,32000,256,12954
10000,512,8,hash,295500,5100,256,
10000,512,8,linear,0,916100,256,3791519
10000,512,8,binary,401500,25800,256,12954
10000,512,9,linear,0,1022000,256,3791519
10000,512,9,binary,378800,95300,256,12954
10000,512,9,hash,335700,6200,256,
50000,512,1,linear,0,7122800,256,19240258
50000,512,1,hash,1678900,5700,256,
50000,512,1,binary,2299600,34100,256,15330
50000,512,2,linear,0,7986000,256,19240258
50000,512,2,binary,2060800,49000,256,15330
50000,512,2,hash,1502900,7500,256,
50000,512,3,binary,2633300,34000,256,15330
50000,512,3,hash,1519500,5700,256,
50000,512,3,linear,0,5223900,256,19240258
50000,512,4,linear,0,4424400,256,19240258
50000,512,4,hash,1488200,5800,256,
50000,512,4,binary,2212500,39100,256,15330
50000,512,5,hash,1397100,5400,256,
50000,512,5,linear,0,4437500,256,19240258
50000,512,5,binary,2094800,34100,256,15330
50000,512,6,hash,1384600,5500,256,
50000,512,6,linear,0,4547300,256,19240258
50000,512,6,binary,2055200,35600,256,15330
50000,512,7,hash,1682700,5400,256,
50000,512,7,linear,0,4401800,256,19240258
50000,512,7,binary,2305900,33400,256,15330
50000,512,8,linear,0,4455800,256,19240258
50000,512,8,hash,2035600,6400,256,
50000,512,8,binary,2083300,36300,256,15330
50000,512,9,hash,1547200,5200,256,
50000,512,9,binary,2249800,33100,256,15330
50000,512,9,linear,0,5015500,256,19240258
